Type,Name,Request Count,Failure Count,Median Response Time,Average Response Time,Min Response Time,Max Response Time,Average Content Size,Requests/s,Failures/s,50%,66%,75%,80%,90%,95%,98%,99%,99.9%,99.99%,100%
POST,compose_post,93,0,7,12.264466934627102,4.088344983756542,341.41981415450573,25.0,0.938342039129685,0.0,7,7,8,9,18,20,39,340,340,340,340
GET,read_home_line,1545,0,3,3.41220367036784,1.4857519418001175,213.61720375716686,3.0,15.588585488767347,0.0,3,3,4,4,4,4,4,5,8,210,210
GET,read_user_timeline,280,0,4,3.551032201253942,1.8561948090791702,12.682239525020123,3.0,2.8251158167345354,0.0,4,4,4,4,4,4,5,5,13,13,13
,Aggregated,1918,0,3,3.8616992241865153,1.4857519418001175,341.41981415450573,4.066736183524505,19.352043344631568,0.0,3,4,4,4,4,5,7,10,210,340,340
