{
    "model_path": "./model/socialnetwork",
    "model_step": 72000,
    "episodes": 3,
    "avg_reward": 1244.9130310720795,
    "std_reward": 31.36212411158762,
    "latency_metrics": {
        "90%": {
            "mean": 47.18906666666666,
            "std": 0.38497627055299155
        },
        "95%": {
            "mean": 35.584666666666664,
            "std": 2.521399787595947
        },
        "98%": {
            "mean": 49.68933333333333,
            "std": 4.503244854793289
        },
        "99%": {
            "mean": 73.49533333333333,
            "std": 9.289295105418686
        },
        "99.9%": {
            "mean": 97.28733333333332,
            "std": 15.821672084693061
        }
    }
}