Type,Name,Request Count,Failure Count,Median Response Time,Average Response Time,Min Response Time,Max Response Time,Average Content Size,Requests/s,Failures/s,50%,66%,75%,80%,90%,95%,98%,99%,99.9%,99.99%,100%
POST,compose_post,423,0,8,9.603861461770027,5.335967987775803,66.61306996829808,25.0,5.145453200461455,0.0,8,9,10,11,13,16,23,24,67,67,67
GET,read_home_line,6270,0,11,15.600355454732439,1.7000490333884954,170.7510140258819,75475.94880382775,76.26948360967688,0.0,11,16,19,22,33,46,65,82,130,170,170
GET,read_user_timeline,1100,0,3,4.061851412142542,1.9520680652931333,60.042705037631094,81.97272727272727,13.380611159592437,0.0,3,4,4,4,5,8,14,19,37,60,60
,Aggregated,7793,0,9,13.646182298583076,1.7000490333884954,170.7510140258819,60738.47606826639,94.79554796973078,0.0,9,13,17,19,29,42,62,74,130,170,170
