Type,Name,Request Count,Failure Count,Median Response Time,Average Response Time,Min Response Time,Max Response Time,Average Content Size,Requests/s,Failures/s,50%,66%,75%,80%,90%,95%,98%,99%,99.9%,99.99%,100%
POST,compose_post,40,0,10,10.792411453439854,7.474959013052285,21.247850032523274,25.0,1.0369718635767564,0.0,10,12,12,13,14,16,21,21,21,21,21
GET,read_home_line,585,0,21,24.97995765043948,2.190217957831919,97.88781602401286,110567.40512820512,15.165713504810064,0.0,21,26,31,36,51,58,70,85,98,98,98
GET,read_user_timeline,110,0,5,8.855749556625431,2.4687499972060323,92.36287500243634,1106.5636363636363,2.8516726248360804,0.0,5,6,7,9,23,33,39,43,92,92,92
,Aggregated,735,0,18,21.794699503229236,2.190217957831919,97.88781602401286,88169.59727891156,19.0543579932229,0.0,18,23,28,32,45,57,69,85,98,98,98
