Type,Name,Request Count,Failure Count,Median Response Time,Average Response Time,Min Response Time,Max Response Time,Average Content Size,Requests/s,Failures/s,50%,66%,75%,80%,90%,95%,98%,99%,99.9%,99.99%,100%
POST,compose_post,26455,0,11,12.817581730165669,4.48774395044893,210.15269099734724,25.0,7.936775243272977,0.0,11,13,14,15,19,23,31,40,90,180,210
GET,read_home_line,420732,0,23,26.165020241103814,1.763146952725947,505.05865702871233,114170.84555726686,126.22397738245043,0.0,23,28,32,35,45,58,78,97,180,300,510
GET,read_user_timeline,79371,0,6,13.938572089343578,1.9096030155196786,386.74641109537333,2375.953207090751,23.812125792244167,0.0,6,12,20,25,34,44,60,75,150,270,390
,Aggregated,526558,0,20,23.65146636468409,1.763146952725947,505.05865702871233,91584.53836044652,157.97287841796756,0.0,20,26,30,33,43,55,75,93,180,300,510
