Type,Name,Request Count,Failure Count,Median Response Time,Average Response Time,Min Response Time,Max Response Time,Average Content Size,Requests/s,Failures/s,50%,66%,75%,80%,90%,95%,98%,99%,99.9%,99.99%,100%
POST,compose_post,7,7,6,5.990179000166661,4.493369000556413,8.828789999824949,79.0,1.2701640585371763,1.2701640585371763,6,6,7,7,9,9,9,9,9,9,9
GET,read_home_line,127,0,15,21.641413747981755,2.2469449995696777,103.53575100089074,108115.97637795276,23.044405062031625,0.0,15,21,26,30,47,68,85,86,100,100,100
GET,read_user_timeline,26,0,4,8.50795796157819,2.4028920015553012,29.27699300016684,1576.7692307692307,4.717752217423797,0.0,4,6,16,16,25,26,29,29,29,29,29
,Aggregated,160,7,14,18.822485662474264,2.2469449995696777,103.53575100089074,86076.7375,29.0323213379926,1.2701640585371763,14,19,24,27,41,64,77,86,100,100,100
