Type,Name,Request Count,Failure Count,Median Response Time,Average Response Time,Min Response Time,Max Response Time,Average Content Size,Requests/s,Failures/s,50%,66%,75%,80%,90%,95%,98%,99%,99.9%,99.99%,100%
POST,compose_post,181,0,7,9.022527410345182,3.7069758400321007,33.180336467921734,25.0,0.9074611281646269,0.0,7,7,9,12,18,22,26,30,33,33,33
GET,read_home_line,3023,0,3,3.3304958203465507,1.6411738470196724,56.49760738015175,3.0,15.15610491956722,0.0,3,3,4,4,4,4,5,5,13,56,56
GET,read_user_timeline,600,0,4,3.5043159623940787,1.8969513475894928,7.2751035913825035,4.773333333333333,3.00815843590484,0.0,4,4,4,4,4,4,5,5,7,7,7
,Aggregated,3804,0,3,3.628747608732005,1.6411738470196724,56.49760738015175,4.326498422712934,19.071724483636686,0.0,3,4,4,4,4,5,7,13,27,56,56
