Type,Name,Request Count,Failure Count,Median Response Time,Average Response Time,Min Response Time,Max Response Time,Average Content Size,Requests/s,Failures/s,50%,66%,75%,80%,90%,95%,98%,99%,99.9%,99.99%,100%
POST,compose_post,1262,0,9,9.974845108153998,5.019509932026267,26.49626601487398,25.0,2.2547433351423294,0.0,9,10,11,11,13,15,18,21,25,26,26
GET,read_home_line,19144,0,19,20.69783242156856,1.9906229572370648,143.04438908584416,105722.16814667781,34.20349160694513,0.0,19,23,26,27,34,42,55,66,110,140,140
GET,read_user_timeline,3610,0,12,15.786112747683998,2.0532889757305384,133.712760056369,4172.567867036011,6.449780855676552,0.0,12,19,23,26,32,41,58,70,110,130,130
,Aggregated,24016,0,17,19.3960453624308,1.9906229572370648,143.04438908584416,84903.38553464357,42.90801579776401,0.0,17,22,25,27,33,41,54,66,110,140,140
