Type,Name,Request Count,Failure Count,Median Response Time,Average Response Time,Min Response Time,Max Response Time,Average Content Size,Requests/s,Failures/s,50%,66%,75%,80%,90%,95%,98%,99%,99.9%,99.99%,100%
POST,compose_post,35696,115,10,37.099355175081506,0.9384240111103281,10009.920952987159,25.06731846705513,13.227452953545162,0.04261421698951405,10,15,33,49,84,130,190,250,900,10000,10000
GET,read_home_line,566736,0,42,90.89134908121146,1.5066490013850853,3716.8814680044306,21256.13375363485,210.00879025886292,0.0,42,83,120,150,240,340,480,610,1200,2000,3700
GET,read_user_timeline,105941,0,25,89.56976491582996,1.5922419988783076,3378.9987639902392,1566.5998527482277,39.25732836596616,0.0,25,60,82,100,230,430,720,940,1700,2600,3400
,Aggregated,708373,115,35,87.98303811715837,0.9384240111103281,10009.920952987159,17241.591897206697,262.49357157837426,0.04261421698951405,35,76,110,140,230,340,500,670,1300,2400,10000
