Type,Name,Request Count,Failure Count,Median Response Time,Average Response Time,Min Response Time,Max Response Time,Average Content Size,Requests/s,Failures/s,50%,66%,75%,80%,90%,95%,98%,99%,99.9%,99.99%,100%
POST,compose_post,15426,5878,9,23.88850126566908,0.5579229909926653,10065.033433027565,15.53157007649423,8.349983009528573,3.1817191838460364,9,11,13,14,18,25,46,84,10000,10000,10000
GET,read_home_line,250798,94972,15,26.305175143073654,0.5312229041010141,10037.122633075342,73941.54197003166,135.75515615349067,51.40766150531231,15,23,27,30,41,56,94,160,1000,10000,10000
GET,read_user_timeline,47010,18076,4,19.871634014366464,0.5406120326370001,10004.088741028681,2153.976366730483,25.446175371317143,9.784408977067192,4,9,19,24,35,47,73,110,850,10000,10000
,Aggregated,313234,118926,12,25.220617337428777,0.5312229041010141,10065.033433027565,59527.02727673241,169.5513145343364,64.37378966622553,12,21,26,29,39,54,89,150,1000,10000,10000
