Type,Name,Request Count,Failure Count,Median Response Time,Average Response Time,Min Response Time,Max Response Time,Average Content Size,Requests/s,Failures/s,50%,66%,75%,80%,90%,95%,98%,99%,99.9%,99.99%,100%
POST,compose_post,12282,21,11,21.57047778882188,0.9994990032282658,1470.0544759980403,24.993160723009282,17.784165106679172,0.03040770780331075,11,12,14,16,37,83,160,210,500,1100,1500
GET,read_home_line,196849,0,10,35.78097888548006,1.6325869983120356,4398.132604997954,53180.60679505611,285.0346130178056,0.0,10,16,21,26,68,160,320,480,1300,2100,4400
GET,read_user_timeline,37104,0,7,34.0991494969614,1.7056739998224657,2829.745871000341,2617.023447606727,53.72607573019248,0.0,7,15,21,25,52,98,330,650,1500,2600,2800
,Aggregated,246235,21,10,34.81874373572107,0.9994990032282658,4398.132604997954,42910.05856600402,356.5448538546773,0.03040770780331075,10,15,21,25,63,150,310,480,1300,2200,4400
