Type,Name,Request Count,Failure Count,Median Response Time,Average Response Time,Min Response Time,Max Response Time,Average Content Size,Requests/s,Failures/s,50%,66%,75%,80%,90%,95%,98%,99%,99.9%,99.99%,100%
POST,compose_post,11203,30,11,28.701019752632195,0.87870100105647,1101.1255379999056,24.989288583415156,16.15259092302247,0.04325428257526324,11,14,19,31,74,120,190,250,480,1000,1100
GET,read_home_line,179089,0,10,49.55353589195431,1.6419650055468082,2846.486749011092,33385.12592063164,258.2122070707106,0.0,10,23,44,65,140,230,370,490,1100,1700,2800
GET,read_user_timeline,33782,0,8,49.19425725126303,1.747233996866271,2586.460090999026,2957.59661950151,48.70720579858475,0.0,8,17,28,44,110,250,490,680,1300,2000,2600
,Aggregated,224074,30,10,48.45680941164524,0.87870100105647,2846.486749011092,27129.887001615538,323.07200379231784,0.04325428257526324,10,21,40,60,140,220,370,510,1100,1800,2800
