Type,Name,Request Count,Failure Count,Median Response Time,Average Response Time,Min Response Time,Max Response Time,Average Content Size,Requests/s,Failures/s,50%,66%,75%,80%,90%,95%,98%,99%,99.9%,99.99%,100%
POST,compose_post,985,0,9,10.073485021446334,5.178175983019173,66.61306996829808,25.0,4.9341363842159645,0.0,9,10,11,12,15,19,24,31,67,67,67
GET,read_home_line,15529,0,13,17.365348377953886,1.6742320731282234,170.7510140258819,84554.66172966707,77.78903950303524,0.0,13,17,21,24,38,52,71,87,140,170,170
GET,read_user_timeline,2797,0,3,4.263012587403479,1.9520680652931333,82.7005150495097,77.18126564175903,14.010943620966552,0.0,3,4,4,5,6,8,13,18,64,83,83
,Aggregated,19311,0,10,15.095672099546274,1.6742320731282234,170.7510140258819,68007.34519185957,96.73411950821776,0.0,10,15,19,22,33,47,67,82,130,170,170
