Type,Name,Request Count,Failure Count,Median Response Time,Average Response Time,Min Response Time,Max Response Time,Average Content Size,Requests/s,Failures/s,50%,66%,75%,80%,90%,95%,98%,99%,99.9%,99.99%,100%
POST,compose_post,294,0,9,9.36065951392346,5.078230984508991,51.59985099453479,25.0,2.7531745194916257,0.0,9,10,10,11,12,13,16,27,52,52,52
GET,read_home_line,4476,0,20,23.685130664108215,2.0440350053831935,171.63251695455983,122640.84495084897,41.91567737838271,0.0,20,25,28,31,40,55,74,88,140,170,170
GET,read_user_timeline,813,0,5,13.69746013332289,2.1408789907582104,128.11254401458427,2765.39852398524,7.61337035492072,0.0,5,14,22,26,34,44,59,70,130,130,130
,Aggregated,5583,0,18,21.476395099056667,2.0440350053831935,171.63251695455983,98727.57316854737,52.28222225279506,0.0,18,23,27,30,39,52,70,86,130,170,170
