Type,Name,Request Count,Failure Count,Median Response Time,Average Response Time,Min Response Time,Max Response Time,Average Content Size,Requests/s,Failures/s,50%,66%,75%,80%,90%,95%,98%,99%,99.9%,99.99%,100%
POST,compose_post,2804,0,9,10.07834023182558,4.907389986328781,109.48322399053723,25.0,4.8958790525041085,0.0,9,10,11,11,14,18,26,33,94,110,110
GET,read_home_line,43018,0,16,20.225431084354092,1.6848359955474734,370.2936329646036,103603.93598028732,75.1108862627039,0.0,16,20,24,27,38,51,71,93,190,340,370
GET,read_user_timeline,8154,0,4,5.791640632039679,1.7456120112910867,112.26019589230418,483.7522688251165,14.237160411597182,0.0,4,4,5,6,11,19,31,41,72,110,110
,Aggregated,53976,0,14,17.51782825904911,1.6848359955474734,370.2936329646036,82645.04101823033,94.24392572680519,0.0,14,18,21,24,34,47,66,85,180,330,370
