Type,Name,Request Count,Failure Count,Median Response Time,Average Response Time,Min Response Time,Max Response Time,Average Content Size,Requests/s,Failures/s,50%,66%,75%,80%,90%,95%,98%,99%,99.9%,99.99%,100%
POST,compose_post,23,23,1,3.3184691312034493,0.5887140287086368,17.593430005945265,0.0,2.8733760504895005,2.8733760504895005,1,3,5,5,8,9,18,18,18,18,18
GET,read_home_line,264,264,1,2.138962735471344,0.5586580373346806,23.876446997746825,0.0,32.981359883879485,32.981359883879485,1,1,1,2,5,7,18,20,24,24,24
GET,read_user_timeline,50,50,1,1.6388891590759158,0.5857400828972459,11.171153048053384,0.0,6.246469674977176,6.246469674977176,1,1,1,1,5,7,11,11,11,11,11
,Aggregated,337,337,1,2.145268279335044,0.5586580373346806,23.876446997746825,0.0,42.10120560934616,42.10120560934616,1,1,1,2,5,8,18,19,24,24,24
