Type,Name,Request Count,Failure Count,Median Response Time,Average Response Time,Min Response Time,Max Response Time,Average Content Size,Requests/s,Failures/s,50%,66%,75%,80%,90%,95%,98%,99%,99.9%,99.99%,100%
POST,compose_post,4269,8,9,10.22864675608438,1.420635002432391,164.0525700058788,24.992504099320684,9.694553509465903,0.018167352559317694,9,11,11,12,14,16,20,25,50,160,160
GET,read_home_line,68379,0,20,24.29763040683273,1.7786570242606103,341.6202049993444,109115.80763099782,155.28317508169806,0.0,20,26,30,33,44,57,75,89,150,230,340
GET,read_user_timeline,12849,0,5,10.007326708197567,1.9944800005760044,162.43762301746756,1072.2816561600125,29.17903912933413,0.0,5,6,8,12,27,37,51,62,110,150,160
,Aggregated,85497,8,18,21.44751164911248,1.420635002432391,341.6202049993444,87431.3046071792,194.1567677204981,0.018167352559317694,18,23,27,31,41,54,72,86,140,210,340
