Type,Name,Request Count,Failure Count,Median Response Time,Average Response Time,Min Response Time,Max Response Time,Average Content Size,Requests/s,Failures/s,50%,66%,75%,80%,90%,95%,98%,99%,99.9%,99.99%,100%
POST,compose_post,27581,0,13,14.976234906886235,5.083427997305989,269.421516044531,25.0,13.057785578941504,0.0,13,15,17,18,22,26,35,46,89,160,270
GET,read_home_line,442707,0,26,29.946492236268224,1.902187999803573,449.6853949967772,118730.67796759482,209.5925847611202,0.0,26,32,36,39,50,64,83,100,180,280,450
GET,read_user_timeline,82858,0,13,21.672353879279214,2.1122099715285003,311.2780009978451,3316.527444543677,39.2278016569354,0.0,13,27,33,37,47,58,76,90,150,230,310
,Aggregated,553146,0,25,27.96062734095157,1.902187999803573,449.6853949967772,95523.4108300521,261.87817199699714,0.0,25,31,35,38,49,62,81,97,170,280,450
