Type,Name,Request Count,Failure Count,Median Response Time,Average Response Time,Min Response Time,Max Response Time,Average Content Size,Requests/s,Failures/s,50%,66%,75%,80%,90%,95%,98%,99%,99.9%,99.99%,100%
POST,compose_post,16726,0,51,76.18552737592977,4.957760917022824,531.0182489920408,25.0,19.403436644526376,0.0,51,83,110,130,180,220,260,280,390,450,530
GET,read_home_line,266860,0,65,85.6132466882,1.9101398065686226,1116.235843161121,117017.7167053886,309.5779686092496,0.0,65,96,120,140,180,220,260,290,400,500,1100
GET,read_user_timeline,50022,0,53,72.23464265442706,1.8477248959243298,476.1892028618604,2174.608332333773,58.029338026575296,0.0,53,83,110,120,160,200,250,270,370,430,480
,Aggregated,333608,0,62,83.13455144050097,1.8477248959243298,1116.235843161121,93932.2327042517,387.0107432803513,0.0,62,93,120,130,180,220,260,290,400,480,1100
