Type,Name,Request Count,Failure Count,Median Response Time,Average Response Time,Min Response Time,Max Response Time,Average Content Size,Requests/s,Failures/s,50%,66%,75%,80%,90%,95%,98%,99%,99.9%,99.99%,100%
POST,compose_post,8596,1534,10,24.020580316890182,0.522583955898881,10002.307325019501,20.560260586319217,6.360980956873876,1.1351494634532953,10,12,13,15,24,50,83,120,1000,10000,10000
GET,read_home_line,137091,24261,21,42.693043224523116,0.5275330040603876,10005.69809798617,99335.72264408313,101.44639836654217,17.95297335908761,21,29,35,40,71,120,210,300,1100,10000,10000
GET,read_user_timeline,25518,4402,9,31.742709590898862,0.5314509617164731,10006.280924077146,3248.0856650207697,18.883144725163746,3.257449764094788,9,24,31,36,54,91,160,240,1000,10000,10000
,Aggregated,171205,30197,20,40.12338051130308,0.522583955898881,10006.280924077146,80027.42290820945,126.69052404857979,22.345572586635694,20,27,33,38,66,110,200,290,1100,10000,10000
