Type,Name,Request Count,Failure Count,Median Response Time,Average Response Time,Min Response Time,Max Response Time,Average Content Size,Requests/s,Failures/s,50%,66%,75%,80%,90%,95%,98%,99%,99.9%,99.99%,100%
POST,compose_post,262,0,8,9.214255835715226,5.174086079932749,27.91676507331431,25.0,2.586556515385186,0.0,9,9,10,10,13,14,16,22,28,28,28
GET,read_home_line,4063,0,20,23.1075541363798,1.9782839808613062,184.2935000313446,118009.08466650259,40.1113706946947,0.0,20,25,28,31,39,50,69,82,120,180,180
GET,read_user_timeline,789,0,5,13.022304645353511,2.148550935089588,120.99405005574226,2672.1799746514575,7.78928660549203,0.0,5,13,20,24,33,40,56,69,120,120,120
,Aggregated,5114,0,18,20.83979778065163,1.9782839808613062,184.2935000313446,94170.08427845131,50.48721381557191,0.0,18,24,27,29,37,48,66,81,120,180,180
