Type,Name,Request Count,Failure Count,Median Response Time,Average Response Time,Min Response Time,Max Response Time,Average Content Size,Requests/s,Failures/s,50%,66%,75%,80%,90%,95%,98%,99%,99.9%,99.99%,100%
POST,compose_post,3836,0,10,20.08166227308107,4.392498987726867,666.0678240004927,25.0,6.844606646572504,0.0,10,12,14,17,36,80,110,180,470,670,670
GET,read_home_line,61888,0,26,74.47061813491301,1.8797049997374415,2592.909039929509,118060.97584345915,110.42727219579747,0.0,26,33,40,47,200,380,610,800,1400,2000,2600
GET,read_user_timeline,11865,0,32,114.1766598466407,2.2760910214856267,2925.701020983979,6004.418626211546,21.170818003540862,0.0,32,41,48,55,380,760,1100,1300,1800,2300,2900
,Aggregated,77589,0,26,77.85352228657963,1.8797049997374415,2925.701020983979,95089.45855726971,138.44269684591083,0.0,26,34,41,48,190,420,710,910,1500,2100,2900
