Type,Name,Request Count,Failure Count,Median Response Time,Average Response Time,Min Response Time,Max Response Time,Average Content Size,Requests/s,Failures/s,50%,66%,75%,80%,90%,95%,98%,99%,99.9%,99.99%,100%
POST,compose_post,826,0,9,10.481349978715489,5.557861994020641,91.27890400122851,25.0,2.3926101034800187,0.0,9,10,11,12,14,17,20,24,91,91,91
GET,read_home_line,12664,0,19,21.44626672070249,2.1020020358264446,140.4972589807585,110585.9125078964,36.68282609015854,0.0,19,23,26,28,35,44,58,70,110,140,140
GET,read_user_timeline,2364,0,11,15.294637165889979,1.9340500002726912,108.0459589138627,4025.2123519458546,6.847615356690998,0.0,11,19,23,26,32,40,53,64,100,110,110
,Aggregated,15854,0,18,19.957716607389884,1.9340500002726912,140.4972589807585,88936.30932256844,45.92305155032956,0.0,18,22,26,28,34,43,57,68,110,140,140
