Type,Name,Request Count,Failure Count,Median Response Time,Average Response Time,Min Response Time,Max Response Time,Average Content Size,Requests/s,Failures/s,50%,66%,75%,80%,90%,95%,98%,99%,99.9%,99.99%,100%
POST,compose_post,39282,0,20,26.883378941552298,5.072495026979595,818.2521410053596,25.0,18.512246068829068,0.0,20,25,30,34,49,68,92,110,310,590,820
GET,read_home_line,634092,0,32,42.32996982475804,1.8425649614073336,1443.3135949657299,117393.33513433381,298.8255978380928,0.0,32,41,49,55,77,100,150,200,450,800,1400
GET,read_user_timeline,118538,0,22,30.66100311982718,1.9076400203630328,911.725792044308,3774.1931026337547,55.86285383908304,0.0,22,31,38,43,62,84,120,160,380,670,910
,Aggregated,791912,0,30,39.817078293448084,1.8425649614073336,1443.3135949657299,94564.22179989696,373.2006977460049,0.0,30,39,47,53,74,99,140,190,430,780,1400
