Type,Name,Request Count,Failure Count,Median Response Time,Average Response Time,Min Response Time,Max Response Time,Average Content Size,Requests/s,Failures/s,50%,66%,75%,80%,90%,95%,98%,99%,99.9%,99.99%,100%
POST,compose_post,720,0,12,13.20376090863849,6.455929018557072,76.38917898293585,25.0,9.963877425317017,0.0,12,14,15,16,19,22,26,29,76,76,76
GET,read_home_line,11828,0,25,28.013186665900424,1.9223900744691491,185.57704205159098,122790.53187352046,163.68436414812456,0.0,25,30,34,37,48,60,78,92,140,160,190
GET,read_user_timeline,2189,0,6,16.06704206452669,2.03455809969455,160.2763079572469,2831.0182731841023,30.292955116692987,0.0,6,18,26,29,39,48,69,86,110,160,160
,Aggregated,14737,0,23,25.515195414109982,1.9223900744691491,185.57704205159098,98974.11345592726,203.94119669013457,0.0,23,29,33,36,46,57,76,90,130,160,190
