Type,Name,Request Count,Failure Count,Median Response Time,Average Response Time,Min Response Time,Max Response Time,Average Content Size,Requests/s,Failures/s,50%,66%,75%,80%,90%,95%,98%,99%,99.9%,99.99%,100%
POST,compose_post,25,0,10,10.461586494930089,7.647273945622146,17.82326796092093,25.0,0.7342102788696833,0.0,10,11,11,12,13,15,18,18,18,18,18
GET,read_home_line,489,0,19,22.369968970325264,2.6206669863313437,106.04216402862221,115482.0081799591,14.361153054691004,0.0,19,24,28,30,39,51,64,78,110,110,110
GET,read_user_timeline,94,0,10,13.7374527291692,2.186057041399181,52.18203808180988,3809.6702127659573,2.760630648550009,0.0,12,17,22,23,30,37,48,52,52,52,52
,Aggregated,608,0,18,20.54568264046745,2.186057041399181,106.04216402862221,93469.46710526316,17.855993982110697,0.0,18,23,26,29,35,49,61,70,110,110,110
