Type,Name,Request Count,Failure Count,Median Response Time,Average Response Time,Min Response Time,Max Response Time,Average Content Size,Requests/s,Failures/s,50%,66%,75%,80%,90%,95%,98%,99%,99.9%,99.99%,100%
POST,compose_post,16,0,9,8.971555951575283,6.5622919937595725,11.645724007394165,25.0,0.7104651853514992,0.0,9,9,10,10,11,12,12,12,12,12,12
GET,read_home_line,205,0,21,21.456314906727794,2.2083109943196177,78.97668401710689,119478.27317073171,9.102835187316083,0.0,21,24,27,28,33,44,57,58,79,79,79
GET,read_user_timeline,23,0,5,13.049751649226021,2.8218889492563903,75.25421801256016,3010.5652173913045,1.02129370394278,0.0,5,14,16,19,25,36,75,75,75,75,75
,Aggregated,244,0,19,19.84522024195328,2.2083109943196177,78.97668401710689,100666.7581967213,10.834594076610363,0.0,19,24,26,27,32,43,58,66,79,79,79
