Type,Name,Request Count,Failure Count,Median Response Time,Average Response Time,Min Response Time,Max Response Time,Average Content Size,Requests/s,Failures/s,50%,66%,75%,80%,90%,95%,98%,99%,99.9%,99.99%,100%
POST,compose_post,1705,0,10,11.908033372195236,5.361946998164058,83.7246139999479,25.0,5.961656499828932,0.0,10,12,13,14,18,22,27,32,74,84,84
GET,read_home_line,27470,0,22,24.376305649462175,1.998010091483593,183.87523491401225,119244.52522752094,96.05085281542566,0.0,22,27,30,32,40,50,66,79,120,170,180
GET,read_user_timeline,5057,0,20,22.161499068647622,2.19792895950377,169.23926200252026,5235.766660075144,17.682168281310798,0.0,20,27,31,34,41,52,66,77,120,170,170
,Aggregated,34232,0,21,23.428108608333424,1.998010091483593,183.87523491401225,96464.33176559943,119.69467759656538,0.0,21,26,30,32,40,50,65,78,120,170,180
