Type,Name,Request Count,Failure Count,Median Response Time,Average Response Time,Min Response Time,Max Response Time,Average Content Size,Requests/s,Failures/s,50%,66%,75%,80%,90%,95%,98%,99%,99.9%,99.99%,100%
POST,compose_post,10445,0,15,19.588590956811537,5.3158559603616595,260.4142969939858,25.0,13.996245089308765,0.0,15,19,22,26,36,48,64,79,130,240,260
GET,read_home_line,168834,0,26,30.78748771578669,1.9916180754080415,342.20456809271127,116219.65166376441,226.2366724182246,0.0,26,33,38,42,55,70,88,100,150,220,340
GET,read_user_timeline,31498,0,19,23.18037199532242,2.0393820013850927,285.49832408316433,4199.80684487904,42.2071544110146,0.0,19,26,31,35,48,62,81,94,150,210,290
,Aggregated,210777,0,25,29.095740477659763,1.9916180754080415,342.20456809271127,93721.6836277203,282.44007191854797,0.0,25,31,37,40,54,68,86,100,150,220,340
