Type,Name,Request Count,Failure Count,Median Response Time,Average Response Time,Min Response Time,Max Response Time,Average Content Size,Requests/s,Failures/s,50%,66%,75%,80%,90%,95%,98%,99%,99.9%,99.99%,100%
POST,compose_post,1889,1889,8,9.909134629447433,2.1393490005721105,102.05298700020649,78.85494970884065,15.628778013754316,15.628778013754316,8,10,11,12,16,19,30,45,99,100,100
GET,read_home_line,31331,0,20,24.982672812481592,1.718223998977919,202.57509300063248,115188.92563275989,259.2192927204534,0.0,20,25,30,33,47,62,83,99,150,180,200
GET,read_user_timeline,5909,0,7,12.176593550342146,1.944280000316212,163.06648000136192,1818.9673379590456,48.88853853005519,0.0,7,10,16,19,28,38,53,64,130,160,160
,Aggregated,39129,1889,18,22.321090968127585,1.718223998977919,202.57509300063248,92511.47394515577,323.7366092642629,15.628778013754316,18,23,27,31,43,58,78,94,150,180,200
