Type,Name,Request Count,Failure Count,Median Response Time,Average Response Time,Min Response Time,Max Response Time,Average Content Size,Requests/s,Failures/s,50%,66%,75%,80%,90%,95%,98%,99%,99.9%,99.99%,100%
POST,compose_post,13293,0,11,12.107073532561987,4.929417977109551,215.90370195917785,25.0,9.256509985719786,0.0,11,13,14,15,17,20,24,31,74,130,220
GET,read_home_line,209579,0,22,25.770990850577785,1.7736440058797598,437.40608100779355,114682.35058856088,145.93922412526646,0.0,22,27,31,34,44,57,76,91,160,240,440
GET,read_user_timeline,39439,0,7,15.4409728318087,1.9608900183811784,384.9451370188035,2370.9203833768606,27.463138292846057,0.0,7,14,23,28,38,48,65,79,140,200,380
,Aggregated,262311,0,20,23.525412001232286,1.7736440058797598,437.40608100779355,91985.66361303949,182.6588724038323,0.0,20,26,30,33,43,55,73,88,150,230,440
