Type,Name,Request Count,Failure Count,Median Response Time,Average Response Time,Min Response Time,Max Response Time,Average Content Size,Requests/s,Failures/s,50%,66%,75%,80%,90%,95%,98%,99%,99.9%,99.99%,100%
POST,compose_post,304,0,9,9.785020296189224,5.983289040159434,93.03594200173393,25.0,1.9435992014001053,0.0,9,10,10,11,13,15,16,17,93,93,93
GET,read_home_line,5148,0,17,21.450892535812404,1.6973669989965856,401.9208550453186,109154.58818958819,32.91331805528863,0.0,17,21,25,27,38,52,80,100,250,400,400
GET,read_user_timeline,975,0,4,8.684781121615416,2.0460759988054633,149.46091297315434,1337.5989743589744,6.233582965016785,0.0,4,5,6,12,21,32,42,61,150,150,150
,Aggregated,6427,0,15,18.96242454301833,1.6973669989965856,401.9208550453186,87636.46786992376,41.09050022170552,0.0,15,19,23,25,35,49,74,100,210,400,400
