Type,Name,Request Count,Failure Count,Median Response Time,Average Response Time,Min Response Time,Max Response Time,Average Content Size,Requests/s,Failures/s,50%,66%,75%,80%,90%,95%,98%,99%,99.9%,99.99%,100%
POST,compose_post,479,0,9,9.7182737058223,5.5563070345669985,54.37633901601657,25.0,1.6386266915698269,0.0,9,10,11,11,13,14,17,18,54,54,54
GET,read_home_line,7738,0,18,21.97219924897907,1.8941930029541254,205.8501560240984,117089.46407340399,26.471176073835743,0.0,18,22,26,29,41,55,76,94,150,210,210
GET,read_user_timeline,1422,0,4,9.046353165490249,2.1381720434874296,132.59183999616653,1567.7398030942334,4.864566086455729,0.0,4,5,8,14,24,30,46,62,110,130,130
,Aggregated,9639,0,16,19.456359072000836,1.8941930029541254,205.8501560240984,94229.64768129474,32.9743688518613,0.0,16,21,24,27,38,51,73,89,150,210,210
