Type,Name,Request Count,Failure Count,Median Response Time,Average Response Time,Min Response Time,Max Response Time,Average Content Size,Requests/s,Failures/s,50%,66%,75%,80%,90%,95%,98%,99%,99.9%,99.99%,100%
POST,compose_post,1024,0,10,10.374176343134422,5.604629986919463,29.62167002260685,25.0,4.599826722833103,0.0,10,11,12,12,14,17,19,21,28,30,30
GET,read_home_line,15469,0,21,23.942366711279757,1.7736440058797598,248.20627795998007,116947.81666558924,69.48703083545436,0.0,21,25,29,32,42,54,72,86,130,210,250
GET,read_user_timeline,2949,0,5,12.873372472428693,2.0498159574344754,114.76827599108219,2188.698541878603,13.246961919565253,0.0,5,10,19,23,33,42,59,76,100,110,110
,Aggregated,19442,0,19,21.54877083907769,1.7736440058797598,248.20627795998007,93382.66886122827,87.33381947785271,0.0,19,24,27,30,40,52,70,83,120,210,250
