Type,Name,Request Count,Failure Count,Median Response Time,Average Response Time,Min Response Time,Max Response Time,Average Content Size,Requests/s,Failures/s,50%,66%,75%,80%,90%,95%,98%,99%,99.9%,99.99%,100%
POST,compose_post,804,0,9,14.043301483645191,5.260767065919936,186.76278996281326,25.0,4.502267123832485,0.0,9,11,12,13,19,48,72,87,190,190,190
GET,read_home_line,12280,0,23,35.18547888505629,2.048612106591463,1011.8211850058287,116982.53013029316,68.76597049833697,0.0,23,30,35,40,65,100,180,250,500,700,1000
GET,read_user_timeline,2333,0,20,28.978201556035454,2.172917011193931,1110.909103997983,4424.766823831976,13.064414427737796,0.0,20,29,35,39,56,87,150,220,500,1100,1100
,Aggregated,15417,0,22,33.143584311576355,2.048612106591463,1110.909103997983,93850.20114159693,86.33265204990725,0.0,22,29,34,39,62,98,170,240,500,1000,1100
