Type,Name,Request Count,Failure Count,Median Response Time,Average Response Time,Min Response Time,Max Response Time,Average Content Size,Requests/s,Failures/s,50%,66%,75%,80%,90%,95%,98%,99%,99.9%,99.99%,100%
POST,compose_post,131,0,10,11.287825827252204,6.578993052244186,66.36500696185976,25.0,1.5837880039638095,0.0,10,11,11,12,15,18,22,59,66,66,66
GET,read_home_line,2242,0,19,21.606122824663743,2.228599041700363,123.45464306417853,109790.92016057092,27.105745838830998,0.0,19,24,27,29,35,44,64,74,120,120,120
GET,read_user_timeline,431,0,12,15.818024880691429,2.2521340288221836,135.4821400018409,4003.6798143851506,5.210783432888563,0.0,12,18,23,26,33,42,58,65,140,140,140
,Aggregated,2804,0,18,20.23437991435241,2.228599041700363,135.4821400018409,88402.31954350928,33.90031727568337,0.0,18,23,26,28,34,43,61,73,120,140,140
