{
    "model_path": "./model/socialnetwork",
    "model_step": 72000,
    "episodes": 3,
    "avg_reward": 1209.9355805677603,
    "std_reward": 30.27370698040307,
    "latency_metrics": {
        "90%": {
            "mean": 95.05380000000001,
            "std": 0.018781551231635517
        },
        "95%": {
            "mean": 33.050000000000004,
            "std": 1.4781456851970545
        },
        "98%": {
            "mean": 44.882000000000005,
            "std": 2.124618240217914
        },
        "99%": {
            "mean": 61.42466666666667,
            "std": 3.5324538528085863
        },
        "99.9%": {
            "mean": 73.97333333333334,
            "std": 4.380901074233728
        }
    }
}